,buyerName,rating,reviewContent,reviewTime
0,A***a,5,"agak kecewa sama bahan ya ternyata cringkel salah saya sendiri si nggak baca kebawah Celana kargo serbaguna untuk berbagai acara., Kain nyaman dan bernapas., Celana kargo yang trendi dan fungsional., Celana kargo yang stylish dan modis.,  ",20 Des 2023
1,Monica,5,"Bahan: adem tp ga begitu tipis
 Ukuran: jumbo
 Rancangan: 
bahanya adem banget enak buat sehari hari aja sih, udh pesen size jumbo tp di paha ngepas dan cuman rada kepanjangan aja sih cuma oke harganya murah jadi buat sehari hari aja .. dan sampenya  cepet banget  ",18 Des 2023
2,oooo,5,"baguuussss, di aku tinggi 165 pas ga cingkrang,, trs ya sesuai harga lah,, warnanya beda sama difoto,, bjku 50 kebesaran bagian pinggang
 ","1  hari lalu
"
3,R***a,5,"Bahan:bagus
 Ukuran:kebesaran 
 Rancangan:ok

bagus celananya sesuai yang dipesan, tapi pinggangnya kegedean dikit sm kepanjangan TB/bb ku 151/41. Tapi gpp bisa dikecilin. Trs warna putihnya nerawang harus pake legging lgi ","3  minggu lalu
"
4,R***a,5,"Bahan:bagus
 Ukuran:pinggangnya kebesaran dikit


Bagus celananya, sesuai yg dipesan. Tapi sayang agak kegedean doang sih, tb/bb ku 151/41. Tapi gpp ntar bisa dikecilin

 ","3  minggu lalu
"
5,*********541,5,skstkalxhldhldyr5is5isiyhxbzgkzfjstjdupfp gkzfjTidyfilv nvjlxti ,17 Des 2023
6,Ayuk I.,4,pengiriman cepat kurir ramah...bahanya gak sesuai ekspektasi ku tp gpp lah harga segitu kan ya...makasih ,14 Des 2023
7,Novia R.,5,"Alhamdulillah barang sudah sampai dengan aman terimakasih seller Lazada dan Abang kurirnya

 Bahan:lembut dan halus sedikit terawang 
 Ukuran:pas untuk anak ku karena ada karet 
 Rancangan:sesuai keinginan
proses pengiriman cepat.Sekalilagi terimakasih untuk semuanya  ",05 Nov 2023
8,N***.,4,"Celana kargo serbaguna untuk berbagai acara., Mudah dipadukan dengan berbagai outfit., Kain nyaman dan bernapas.,  ","3  minggu lalu
"
9,Viraa,5,"Bagus untuk aktivitas di luar ruangan., Desain highwaist sedang trendi., Pas sempurna dengan desain high waist., Kain nyaman dan bernapas.,  ",02 Des 2023
10,mamah R.,5,ukuran dan warna sesuai permintaan. tokonya amanah. katinganya bagus pas di badan. cuma jahitannya kendur2. di pakai sekali bolong2 lepas benang. ,"1  hari lalu
"
11,c***.,5,"bagussss banget dong rekomen dehh pokoknya buat  kalian""âœŒï¸ğŸ˜Š ","5  hari lalu
"
12,Amira S.,5,"Celana kargo yang stylish dan modis., Bahan yang tahan lama untuk penggunaan jangka panjang., Pas sempurna dengan desain high waist., Bagus untuk aktivitas di luar ruangan., Celana kargo serbaguna untuk berbagai acara., Mudah dipadukan dengan berbagai outfit., Celana kargo serbaguna untuk berbagai acara.,  ",15 Jan 2024
13,guest,5,"Pas sempurna dengan desain high waist., Kain nyaman dan bernapas.,  ",05 Des 2023
14,Khofifah I.,5,"Beragam pilihan warna yang dapat dipilih., Celana kargo yang trendi dan fungsional., Bahan yang tahan lama untuk penggunaan jangka panjang., Mudah dipadukan dengan berbagai outfit.,  ","21 jam lalu
"
15,Elga P.,5,"Bahan:bagus
 Ukuran:pas
 Rancangan:sangat bagus  ","5  hari lalu
"
16,Third-Party-User,5,bahannya bagus trm ksh,07 Des 2023
17,Sukmawati,5,"bagusss ikh suka,smga jadi langganan aku yah ",22 Des 2023
18,A***.,5,"Bagus untuk aktivitas di luar ruangan., Bahan yang tahan lama untuk penggunaan jangka panjang.,  ",02 Des 2023
19,guest,5,"Mudah dipadukan dengan berbagai outfit., Celana kargo yang trendi dan fungsional.,  ",05 Des 2023
20,vika A.,5,"barang sudah sampai.. 
paket sesuai pesanan.. 
bhan nya adem. lembut dan jatuh.
kurir nya baik.. 
thanks seller.",01 Des 2023
21,8***4,5,"celananya udah sampe agak kepanjangan di aku,bagian paha agak ngetat tapi bawahnya longgar ",02 Jan 2024
22,d***.,5,"Mudah dipadukan dengan berbagai outfit., Celana kargo yang stylish dan modis.,  ","1  minggu lalu
"
23,Lidia,5,bagus sesuailah Sama harganya sukses trs buat tokonya amanah juga ,"1  minggu lalu
"
24,0***6,5,Ukuran:bagus sesuai n muat d BB 60kg bahannya jga adem n lentur bagus bngt ,07 Des 2023
25,Dhirfin,5,"celananya bagus dri yg sblum nya,ini ada kancing+sleting,mantappp thanks ka next ambil wrna lain lgi ","2  minggu lalu
"
26,Reni A.,5,alhamdulillah sesuai pesanan sukses terus buat tokonya trimaksih ,09 Des 2023
27,V***.,5,"Mudah dipadukan dengan berbagai outfit., Kain nyaman dan bernapas., Bagus untuk aktivitas di luar ruangan., Pas sempurna dengan desain high waist., Celana kargo yang trendi dan fungsional., Desain highwaist sedang trendi.,  ",28 Des 2023
28,8***7,5,"Bahan:tebell nggk nerawang 
 Ukuran:agak kegedean
 ",09 Nov 2023
29,C***.,5,"Celana kargo yang trendi dan fungsional.,  ",06 Des 2023
30,Komaria N.,5,"realpict...
Hanya saja aku pesan 3, dan yg warna hitam harusnya ukuran jumbo...tp dikirim satu ukuran standar  ",08 Des 2023
31,8***7,5,"bgus banget huhu, penjualnya ramah banget malemnya saya minta di percepat pengirimannya besoknya langsung di kirim huhuu happy bngttt ğŸ˜­ğŸ™ğŸ» makasih banyak, BUAT CALON PEMBELI KALIAN HARUS BELI DI SINI HARGANYA WORTH IT BANGET dan juga bahannya bagusss! bangwtttt!!  ",15 Des 2023
32,NADIA N.,5,"bagus si,tpi di pahanya agak sempit mnrtku,tpi worth it bgtt si dengan hrga sgtu,,mksih pokoknya bgus bangetttttt ",03 Nov 2023
33,ELWI,5,"paket sudah diterima,kondisi bagus,cuman bahan agak tipis menerawang,harus pakai dobelan,kualitas sesuai harga,anak senang memakainya karena model baru,terima kasihMudah dipadukan dengan berbagai outfit., Beragam pilihan warna yang dapat dipilih.,  ",16 Des 2023
34,P***.,5,bagusbagusbagusbagusbagusbagusbagusbagusbagusbagusbagusbagus ,"3  minggu lalu
"
35,ninik Y.,5,barang sdh sampai cuma syang wrnanya kok sama padahal sy sdh chat tokonya ambil 2 barang tpi mnta wrna yg berbeda ,21 Okt 2023
36,Roswitha Y.,5,"kerennnn
 Bahan:ok
 Ukuran:pas
 Rancangan:ok  ","3  hari lalu
"
37,8***4,4,"Lumayan Pass , Ngak sama broo, sayang saku bawah rempelnya ngak ada saku cuma atas kanan dan kiri, pesen 2 warna tetep dikasih 1 warna pdhl udah cat Admin ğŸ˜‡ğŸ˜‡ ",13 Okt 2023
38,f***.,5,"Bahan yang tahan lama untuk penggunaan jangka panjang., Celana kargo serbaguna untuk berbagai acara.,  ",07 Des 2023
39,Resitaananda,5,"Celana kargo yang trendi dan fungsional., Kain nyaman dan bernapas., Bagus untuk aktivitas di luar ruangan., Celana kargo yang stylish dan modis.,  ",30 Nov 2023
40,Wulan S.,5,bagus bngttt sesuai yg difoto ,27 Des 2023
41,Siti M.,5,"Bahan:bahan tebal
 Ukuran:pas
 Rancangan:bagus pengiriman cepat ",24 Nov 2023
42,0***4,5,sesau degan harga kainya bagus rapi semapaurana mantaps lah kukuriya ngk asikkğŸ¤£ğŸ™ ,17 Des 2023
43,0***8,5,"Bahan:bagus,jahitan rapi
 Ukuran:pas
 Rancangan:
pengiriman cepat next order lagi,makasih ","17 jam lalu
"
44,guest,5,bagus banget  ,22 Des 2023
45,melia N.,5,"Mudah dipadukan dengan berbagai outfit., Celana kargo yang trendi dan fungsional.,  ",11 Jan 2024
46,S***.,5,"Desain highwaist sedang trendi., Kain nyaman dan bernapas.,  ",13 Jan 2024
47,AISYAH P.,5,"bagus bangett,bahannya juga bagus Pokoknya the besar bangettğŸ¥°ğŸ˜,ga nyesel beliii disinii ",06 Des 2023
48,Rifaa,5,terimakasih ,14 Des 2023
49,L***.,5,"Bahan:bagus 
 Ukuran:pas 
 Rancangan:sangat bagus dan sangat nyaman digunakan terimakasih  ",16 Des 2023
0,Yati,5,pengirimannya cepat sesuai pesanan saya bagus..tapi pesaknya terlalu tinggi gak nyaman di pakenya sama resletingnya gak cocok ,05 Des 2023
1,8***9,5,"pengiriman cepat
pengemasan bagus
barang realpic
next order lagi ","3  minggu lalu
"
2,jihan,4,"Bahan:crinkle 
 Ukuran:pas
 Rancangan:bagus dehh
suka sama bahannya adem sukaa pokoknyaaa ",29 Sep 2023
3,*********792,5,baguss  ,"2  minggu lalu
"
4,n***a,5,"ini celananya bagus sih, tapi tipis bangettt, jadi harus pake celana double biar ga terlalu nyeplak. terus juga di aku ketat, apa memang kaya gini ya modelnya?, kurang tau sii. bisa juga karna pahaku kebesaranğŸ˜ ",31 Des 2023
5,Eva A.,4,"bagus lumayan dengan harga segitu,bahan nya jatoh dan lumayan tebal ",10 Nov 2023
6,DhÃ«el J.,5,ah mantap sekaliiiiiii yaaa  ,"3  minggu lalu
"
7,dinda A.,5,"Bahan:bgus adem
 Ukuran:28
 Rancangan:bangus buat kemana bisa buat main
 ","3  minggu lalu
"
8,guest,5,bagus banget rel pick  ,"4  minggu lalu
"
9,S***.,5,"Bahan:bagus
 Ukuran:besar
 Rancangan:bagus
bahan adem sedikit nerawang, tapi baguss ","3  minggu lalu
"
10,8***1,5,sesuai pesanan ğŸ‘ğŸ‘ğŸ‘ ,18 Okt 2023
11,Muti A.,4,"Bahan:crincle
 Ukuran:29
 Rancangan:keren poll
 ",16 Nov 2023
12,A***.,4,"nnnnnnnnnnnnneeeeeeeerrrrrrrrraaaaaaawwwwwaaanngggggg
 Bahan:nrwng ",15 Des 2023
13,Nhur S.,5,"Bahan:bagus
 Ukuran:XL
sudah saya terima paketnya
kenapa paketnya tidak sesuai gambar
 ",12 Okt 2023
14,mamah R.,5,bagus banget celananya.ukuran pas. panjangnya pas. pengiriman cepat 2hari sampe. ukuran jumbo pas bgt BB aku 64 TB 157.  ,"3  minggu lalu
"
15,Malaa,5,buat kalian yang masih bingung jangan ragu order disini aku bb 70 masi muat dan longgar ga nyesel next order lgi ,15 Des 2023
16,8***7,5,bagus sii mnrtku lumayan ,15 Des 2023
17,f***.,5,"Bahan:adem
 Ukuran:pas
 Rancangan:bagus
alhamdullilah barangnya udh nyampai makasih
 ",28 Sep 2023
18,guest,4,bagus bangett Nexs order lagi walaupun bahany ga tebel tapi bagus ,22 Sep 2023
19,Febry O.,4,barang lah sampai dengan selamat dan kurir nya ramah.barang sperti di foto dan pas ukuran ,"2  minggu lalu
"
20,8***5,5,"nyesel bangttt bli bnyk g sesuai modell mana lgi pesanan orng al hasil pada g mau , besok lagi yng teliti kak ",13 Okt 2023
21,Santhy,4,"Bahan:halus, jatuh, gak gampang kusut
 Ukuran:agak kepanjangan sedikit, tp gpp
 Rancangan:bagus, sesuai gambar, cuma bahannya agak tipis aja, ya mungkin sesuai sama harga ",16 Des 2023
22,Nurmayangsari S.,4,jdiduhshshsbdhhdhdnjfjjcncncnnxjdjdjndndndnnxnxnjxjsnx ,07 Des 2023
23,Syifa F.,4,"Bahan:nyaman
 Ukuran:pas

Bagus sih bahannya nyaman, ya meskipun gak sama di gambar tapi bagus, aku suka banget.ğŸ˜ğŸ˜˜ğŸ˜˜ ","2  minggu lalu
"
24,D***.,5,pengriman nya cpat bangt dan clananya pas buat adik sya ..nanti sya order.lgi mkasih ğŸ™ ,07 Okt 2023
25,Nurul F.,5,"Bahan:crinkle
 Ukuran:gede bgt ah
 Rancangan:baguussssss



baguuus sihhhh cakep bangeeettttttt ",05 Okt 2023
26,*********236,5,trima kasi Lazada barangnya bagus sekali ,10 Okt 2023
27,f***.,4,"Bahan:bgs 
 Ukuran:pas

 Rancangan:sesuai  ",01 Okt 2023
28,Third-Party-User,5,"Bahan:bagus mantap sesuai

 Ukuran:pas juga
 Rancangan:bahannyq bagus banget
 ",23 Sep 2023
29,Warno 0.,5,makasih seler dan juga kurir.y barang tiba dgn selamat selalu pik ,13 Jan 2024
30,guest,5,sangat bagus  ,28 Des 2023
31,********926,5,"model sama tapi bhan.y ko beda.
ini kaya kolor bhan.y. ","2  minggu lalu
"
32,N***i,5,"jumbo,,mksihh,, ","3  minggu lalu
"
33,Anis I.,5,"Bahan yang tahan lama untuk penggunaan jangka panjang., Celana kargo yang stylish dan modis.,  ","17 jam lalu
"
34,Sonia,5,"keren celana nya.
sesuai gmbar.
saku ny ad 5. 
sesuai yg diinginkan.
mksh seller.ğŸ¤— ",25 Okt 2023
35,8***1,5,bgus. bgwt,06 Nov 2023
36,Aripin 0.,5,sesuai dengan pesenan ok bgtt bagus ,28 Nov 2023
37,0***6,5,bagus bgt ,08 Jan 2024
38,Nurhayati,5,"Mudah dipadukan dengan berbagai outfit., Celana kargo yang stylish dan modis., Mudah dipadukan dengan berbagai outfit., Desain highwaist sedang trendi.,  ",15 Des 2023
39,Aulia N.,5,bagussss bgtt sayang yg hitamnya dikirim beda ğŸ˜­ ,27 Okt 2023
40,F***i,5,"Bahan:bagus
 Ukuran:kegedean di badan
 Rancangan:menarik  ",26 Okt 2023
41,********556,5,kk celana nya bagus bgt muat di bb aku 85 smoga awet ea celana nya bahan bagus bgt adem di pake lembut poko nya nanti mau order lagi ,04 Des 2023
42,adeliaputri,5,"Buagusssss polllll,syukaaaaaağŸ™ğŸ»ğŸ˜­ ",06 Des 2023
43,Eli W.,5,"Celana kargo yang stylish dan modis., Desain highwaist sedang trendi., Pas sempurna dengan desain high waist.,  ",13 Jan 2024
44,Dhirfin,5,bagus celananya nyaman dipake bahan crinckle jatuh ,25 Des 2023
45,Dhika D.,5,Rancangan:bagus ,"1  minggu lalu
"
46,bunda J.,5,"celana ga sesuai gambar,ga jls kecil bgt",22 Nov 2023
47,8***0,5,"paket udah datang barangnya bagus dan jatoh lagi
pokonya sip ","1  minggu lalu
"
48,Rupiyanti,5,"Mudah dipadukan dengan berbagai outfit.,  ","19 jam lalu
"
49,0***1,5,"Mudah dipadukan dengan berbagai outfit., Pas sempurna dengan desain high waist., Desain highwaist sedang trendi.,  ","3  hari lalu
"
0,*********207,5,"Kain nyaman dan bernapas.,  ",01 Jan 2024
1,*********465,5,ok  dengan harga segitu ,21 Des 2023
2,Dhika D.,5,Rancangan:bagus ,"1  minggu lalu
"
3,8***8,5,"Pas sempurna dengan desain high waist.,  ",30 Nov 2023
4,Lina,5,Bahan:  good  ,30 Des 2023
5,NISA S.,5,"Bagus untuk aktivitas di luar ruangan.,  ","2  minggu lalu
"
6,N***i,5,"ukuran jumbo,,,sesuai mksih,, ","3  minggu lalu
"
7,AHMAD Z.,5,Alhamdulillah...nyampek juga bhnnya crinkle tpi lumayan bagus ,11 Jan 2024
8,*********649,5,baguss barang sesuai respons penjual cepatt dan barangnya orii juga terimakasih ğŸŒ·ğŸŒ· ,21 Des 2023
9,0***1,5,Bagus bngt ,28 Des 2023
10,Adah E.,5,UK standar masih longgar di aku yang BB nya 60 ,"2  minggu lalu
"
11,Third-Party-User,5,keren clanay bgus amah walaupun hitamy bukan hitam pekat TPI sya ska ,15 Des 2023
12,niaaaa,5,terlalu cintahh dengan ini produkkğŸ¥° ,10 Nov 2023
13,Siti M.,5,celana ny kegedean tapi gapapa bagus banget celananya aku sukağŸ˜» ,08 Des 2023
14,Th A.,5,clna nya kecil ,21 Des 2023
15,Eceu N.,5,"pket ny udah sampai,celana ny bagus dengan harga segitu,mksh lazada,mksh buat kurir ny ",13 Jan 2024
16,Siti A.,5,"Desain highwaist sedang trendi., Celana kargo yang stylish dan modis.,  ","1  minggu lalu
"
17,guest,5,celananya bagus panjangx sesuai dan kain tebal clanax agak gombrang d aku tapi suka cantik sekali next order lagi ,19 Des 2023
18,8***9,5,"Celana kargo serbaguna untuk berbagai acara.,  ","3  minggu lalu
"
19,*********332,5,bagus banget gak nyesel belanja di tokoh ini Nex order lagi,11 Des 2023
20,Ryan K.,5,"Bahan:ADEM BAGUS
 Ukuran:PAS BGET
 Rancangan:
BAGUS BANGET DEH POKOKNYA.. MAAF YAH GAK SEMPAT FOTO ",30 Des 2023
21,Mamahdzakirah,5,Alhamdulillah paket udh mendarat tp kegedean tp anak saya suka trimakasih lazadah ,29 Des 2023
22,8***9,5,"Bagus untuk aktivitas di luar ruangan.,  ","3  minggu lalu
"
23,s***.,5,"BAGUSSSS BANGETTTT
 Bahan:  lembut ",17 Des 2023
24,siti S.,5,clna bagus tpi buat BB 60 kekecilan  ,16 Des 2023
25,Dedeh W.,5,"Celana kargo yang stylish dan modis., Pas sempurna dengan desain high waist., Kain nyaman dan bernapas., Celana kargo serbaguna untuk berbagai acara., ",26 Des 2023
26,sitinuryeni,5,bgus poll... ,07 Des 2023
27,0***2,5,"buaguseeee polll mantappp,mau beli lagih semoga ga naik harganyaaağŸ¥² ",20 Des 2023
28,Sinta B.,5,"Celana kargo yang trendi dan fungsional.,  ","5  hari lalu
"
29,*********969,5,"Celana kargo yang trendi dan fungsional., Bagus untuk aktivitas di luar ruangan.,  ",11 Des 2023
30,Azmys,5,aku suka bget.kainnya lembut warnanya cantik2. ,30 Des 2023
31,Ibu E.,5,"sesuai gambar 
tpi lum dicoba muat apa ga
mksih 

kurir baru ",25 Okt 2023
32,0***1,5,bahan oke lembut pas anak saya ,26 Des 2023
33,8***7,5,"Pas sempurna dengan desain high waist., Celana kargo yang trendi dan fungsional.,  ","4  minggu lalu
"
34,Denaya F.,5,celananya bagus meskipun kegedean  ,23 Nov 2023
35,*********649,5,baguss barang sesuai respons penjual cepatt dan barangnya orii juga terimakasih ğŸŒ·ğŸŒ· ,21 Des 2023
36,*********649,5,baguss barang sesuai respons penjual cepatt dan barangnya orii juga terimakasih ğŸŒ·ğŸŒ· ,21 Des 2023
37,Suha S.,5,sesuai pesanan bagusss  ,28 Des 2023
38,ASEP S.,5,"realpic cuman kegedean Bagus untuk aktivitas di luar ruangan.,  ",15 Des 2023
39,Siti N.,5,"Celana kargo yang stylish dan modis., Beragam pilihan warna yang dapat dipilih., Mudah dipadukan dengan berbagai outfit.,  ","3  hari lalu
"
40,0***0,5,bgus celana sya suka,"1  minggu lalu
"
41,Third-Party-User,5,"celanay bagus banget sesuai bahan lembut amah tokohy lancar trus langganan kta
 ",15 Des 2023
42,8***0,5,baguss bhn adem ,06 Des 2023
43,ina P.,5,barang ok ....semoga awetğŸ‘ ,"1  minggu lalu
"
44,Roswitha Y.,5,"Bahan:mntap karet
 Ukuran:pas
 Rancangan:pas ok ","3  hari lalu
"
45,Warno 0.,5,klo yg army pas ukuran mau pun desain.y mksih ,08 Jan 2024
46,SANTIAH D.,5,pas ok thank  ,"19 jam lalu
"
47,8***0,5,"Rancangan:tipis
 Ukuran:gede bngt
 Bahan:tipis
bagus tapi tipis kegedean jga busettt ",01 Jan 2024
48,Tiara P.,5,bahan nya halus dingin sedikit kekecilan buat aku padahal bb 55 tpi kekecilan tpi baguss ,25 Des 2023
49,Neng R.,5,bagus bngt yebellll ,20 Des 2023
0,anita P.,5,bagus sesuai pesanan  ,21 Okt 2023
1,*********223,5,bagus banget suka dehh jdi langganan disini pokok nya the best ,18 Des 2023
2,anita P.,5,Bagus sesuai pesanan  ,21 Okt 2023
3,Saya N.,5,celananya bagus pelangganku sukağŸ¥° ,24 Okt 2023
4,Mamah N.,5,"Celana kargo serbaguna untuk berbagai acara., Mudah dipadukan dengan berbagai outfit.,  ",21 Des 2023
5,c***.,5,"bagus banget celanaya
 Bahan:nya lembut
 Ukuran:pas
 Rancangan:nenx bakalan order warna lainğŸ‘ğŸ‘ ",25 Okt 2023
6,Siti R.,5,"Beragam pilihan warna yang dapat dipilih., Mudah dipadukan dengan berbagai outfit., Celana kargo yang stylish dan modis., Celana kargo yang trendi dan fungsional., Celana kargo serbaguna untuk berbagai acara.,  ","2  minggu lalu
"
7,Sandy A.,5,"Bagus untuk aktivitas di luar ruangan., Kain nyaman dan bernapas.,  ","1  hari lalu
"
8,Cut N.,5,sumpah bagus banget ,"2  minggu lalu
"
9,desi,5,"calana cargo nya sangat bangua
 Bahan:lenbut enak di pakei 
 Ukuran:jumbo  
  cocok banget ","1  minggu lalu
"
10,meisarisuherlan,5,"Bahan:lembut
 Ukuran:standar
 ",13 Jan 2024
11,Ochi,5,"sipp ,,cuman kebesara di aku ,, oerder lagi ahh ",09 Jan 2024
12,Lia S.,5,"Celana kargo yang trendi dan fungsional., Mudah dipadukan dengan berbagai outfit., Beragam pilihan warna yang dapat dipilih., Celana kargo yang stylish dan modis.,  ",08 Des 2023
13,Warno 0.,5,bagus bngt ,13 Jan 2024
14,cndyfnksri,5,realpictttt ,25 Des 2023
15,Azmys,5,bgus bget. ,30 Des 2023
16,Ila P.,5,TIDAK sesuai ,14 Des 2023
17,Dedeh W.,5,"Celana kargo yang trendi dan fungsional., Celana kargo yang stylish dan modis., Kain nyaman dan bernapas., Celana kargo serbaguna untuk berbagai acara.,  ",25 Des 2023
18,0***1,5,"Bagus untuk aktivitas di luar ruangan., Desain highwaist sedang trendi.,  ","3  hari lalu
"
19,Rayen A.,5,lumayan lah ,01 Des 2023
20,*********824,5,"Kain nyaman dan bernapas.,  ",11 Jan 2024
21,Zia S.,5,"baguss tpi sayang ga tercantum ukurannya jdi kegedean and ga kepake syg bngtt, kalo dibilang agak kecewa sih tpi gpp bagus bingit ko clana nya  ","1  minggu lalu
"
22,Lista F.,5,lmyan bagus sesuai dngn harga anak aq suka.. mau di pake buat jlnÂ² ,28 Des 2023
23,anita P.,5,"Bahan yang tahan lama untuk penggunaan jangka panjang., Beragam pilihan warna yang dapat dipilih., Desain highwaist sedang trendi., Kain nyaman dan bernapas.,  ",09 Des 2023
24,8***0,5,"Bagus, bahanya juga adem banget nyaman di pakai. ukurannya pas  ",23 Des 2023
25,Erna R.,5,makasih y kk,09 Nov 2023
26,Nurr,5,Bahan:bagusss ,"2  minggu lalu
"
27,Risma P.,5,"Desain highwaist sedang trendi., Mudah dipadukan dengan berbagai outfit., Celana kargo yang stylish dan modis.,  ",30 Des 2023
28,Armi A.,5,"bagus dan sesuai dengan foto
 Bahan:bagus
 Ukuran:sesuai badan kita
 ",30 Okt 2023
29,desi,5,"celana cargo nya sangat bangus 
 Bahan:lembut banget 
 Ukuran:jumbo 
           sayah sangat suka  ","1  minggu lalu
"
30,8***9,5,"celananya pas,saya syuka sekali,cuma pengirimannya lama.. ",01 Jan 2024
31,Y***.,5,"baguus,bagan lembut,tidak terlalu tebal, tidak terawang, kualitas baik, dan untuk aku bb 58 tinggi 163, ada karet nya juga jadi nyaman ",18 Des 2023
32,Cecep S.,5,"Bahan:lembut
 Ukuran:trlalu ngetat di badan akuğŸ˜…
 ",24 Nov 2023
33,K***m,5,Alhamdulillah dgn harga segitu bagus bangt mnurt aku real pick pokonya ttp jga ke amanahannya...makasih semuanya ,20 Des 2023
34,Afyulida R.,5,"Celana kargo serbaguna untuk berbagai acara., Bagus untuk aktivitas di luar ruangan.,  ",02 Des 2023
35,Ami L.,5,kekecilan  ,21 Okt 2023
36,8***0,5,"Bahan:bagus bangat aku suka
 Ukuran:pas di badan aku pokoknya bagus
 ",04 Des 2023
37,A***.,5,bagus bgt cmn ukuran XL kebesaran di perut aku yg kecil ğŸ˜‚ ,"2  minggu lalu
"
38,*********172,5,aku suka bngat sama celananya......bahannya lmbut dan nyam digunakanğŸ™ ,08 Nov 2023
39,Third-Party-User,5,tdk sesui sngt buruk ,30 Nov 2023
40,M A.,5,"gak sesuai celananya
 ",04 Des 2023
41,0***1,5,"Bagus untuk aktivitas di luar ruangan.,  ",14 Des 2023
42,Irna T.,5,sesuai semoga cocokğŸ˜â˜º ,11 Des 2023
43,*********601,5,"alhamdulilah bagus banget, Bahn adem, enk dipake, mksih semuanya, ğŸ¥°ğŸ¥° ",21 Des 2023
44,Santi,5,"Bagus untuk aktivitas di luar ruangan., sesuai bngtt celana nya,makasihhhâ˜ºï¸ ",08 Jan 2024
45,R***.,5,bagus banget kainnya melar ,16 Jan 2024
46,Mira R.,5,"Bagus, lembuuut, harga muraaaah kualitas baguuuuuuuusğŸ‘ğŸ»ğŸ‘ğŸ»ğŸ‘ğŸ»ğŸ‘ğŸ»ğŸ‘ğŸ» ",06 Jan 2024
47,Ani M.,5,Alhamdulillah bagus dan gk mengecewakan semoga tokoh ini selalu amanah aaamiiiin ,01 Jan 2024
48,Al-habsyi,5,bagus sekali sesuai dengan harga. bahan sesuai dengan harga  ,18 Des 2023
49,Fitri S.,5,baguss tapi sayang nya kepanjangan di sayağŸ˜“ğŸ˜“ ,27 Des 2023
0,*********654,5,bagus celananya cuma dipaha aga kekecilan dikit apa paha aku yg terlalu gemoyğŸ˜ ,28 Nov 2023
1,*********649,5,baguss barang sesuai respons penjual cepatt dan barangnya orii juga terimakasih ğŸŒ·ğŸŒ· ,21 Des 2023
2,8***9,5,"Kain nyaman dan bernapas., Mudah dipadukan dengan berbagai outfit., Celana kargo yang trendi dan fungsional., Desain highwaist sedang trendi.,  ",04 Des 2023
3,8***5,5,"Kain nyaman dan bernapas.,  ","2  hari lalu
"
4,r***.,5,"yg satu ngga sesuai pesanan ğŸ¤­
pesen 2 size yg berbeda tapi pas datang sama aja size-nya ğŸ™ƒ ",01 Des 2023
5,Reni,5,sangat kecewa  bahan gak sesuai trus sobek sobek,23 Des 2023
6,dewi Z.,5,"Bahan:bahan tebel dan jatuh
 Ukuran:sesuai 
 Rancangan:lumayan  ",23 Nov 2023
7,guest,5,"Alhamdulillah barang Nya sudah sampai,,,,Bagus terimakasih lazada ",02 Des 2023
8,nunung D.,5,"Beragam pilihan warna yang dapat dipilih., Mudah dipadukan dengan berbagai outfit.,  ","2  minggu lalu
"
9,Sonia,5,"sesuai gmbar. 
cma yg army GK pke resleting SM kangcing. 
beda SM yg hitam pake resleting.
tpi ttp sesuai gmbar.
kerenlh pokok nya.ğŸ‘ ",25 Okt 2023
10,guest,5,celanax keren pokokx suka dehhh asli bgus kainx nyaman d pke  ,19 Des 2023
11,*********155,5,gak sesuai dengan gambar sangat tipis ,12 Jan 2024
12,Uci,5,"Celana kargo serbaguna untuk berbagai acara.,  ",04 Jan 2024
13,Sintia J.,5,sukak sama celananya anjayyy bagusss bangett kyuttt imut lucu kata aku haha ,15 Des 2023
14,d***.,5,baguss rekomen gais ,13 Jan 2024
15,g***t,5,"Desain highwaist sedang trendi., Desain highwaist sedang trendi., Celana kargo yang stylish dan modis.,  ",27 Des 2023
16,0***8,5,bahannya jatuh bgttttt sukakkkkkkk,08 Des 2023
17,*********030,5,makasih lazada celananya bagus g kecewa beli di toko ini toko nya sudah amanah bisa buat langanan ,"4  minggu lalu
"
18,8***7,5,"Bahan:bahan nya tipis tapi ngga nerawang karena warna gelap 
 Ukuran:kebesaran banget harus tambah Keret pinggang nya
 Rancangan:bagus  ",27 Des 2023
19,SITI W.,5,"Mudah dipadukan dengan berbagai outfit., Bagus untuk aktivitas di luar ruangan.,  ","1  minggu lalu
"
20,*********068,5,"Bahan:lumayan bagus
 Ukuran:sesuai/pas
 Rancangan:bagus ",18 Des 2023
21,Andra V.,5,asli longgar bangetğŸ˜ğŸ˜ğŸ˜ğŸ˜ğŸ˜ ,"7  hari lalu
"
22,Andra V.,5,bagus bangetğŸ˜€ğŸ˜€ğŸ˜€ğŸ˜€ğŸ˜€ğŸ˜€ ,"7  hari lalu
"
23,Nur H.,5,"Celana kargo yang stylish dan modis., Celana kargo yang stylish dan modis., ","2  minggu lalu
"
24,8***.,5,jahitanya rapih cuman bahannya tipis ,"3  minggu lalu
"
25,Sumiyati S.,5,mantulll ,"2  minggu lalu
"
26,*********061,5,bagus... ,30 Des 2023
27,Deliyanti,5,okeeeeee ,21 Okt 2023
28,Uminya A.,5,wow keren,02 Des 2023
29,niaaaa,5,realğŸ‘ğŸ¥° ,10 Nov 2023
30,I***.,4,,"2  minggu lalu
"
31,Third-Party-User,5,"bagus bangett woyyy wajib beli sih ini, dengan harga yang  semurah itu menurutku kaya bahan cringcle enakk bangett dipake mau nangis bagus soalnya  ",04 Okt 2023
32,t***i,5,cakep banget pas di bb aku 61 nyesel beli 1ğŸ˜¢ ,07 Jan 2024
33,Rabbani M.,5,lumayan ,08 Des 2023
34,Azmys,5,kereng. ,30 Des 2023
35,S***.,5,"bagus,, ",07 Des 2023
36,Rimbayani,5,lumayan ,31 Okt 2023
37,Warno 0.,5,pik bnt ,13 Jan 2024
38,Jihan F.,5,"Pas sempurna dengan desain high waist., Celana kargo yang trendi dan fungsional., Bagus untuk aktivitas di luar ruangan., Celana kargo yang stylish dan modis., Celana kargo serbaguna untuk berbagai acara.,  ",24 Des 2023
39,Fitri H.,5,"mantulll, nexs order lg ",17 Des 2023
40,rahmachaniago,5,"sesuai pesanan, celana cargo bagus, bahannya adem, jahitan rapi, kurir nya baik dan ramah makasihh lazada  ",17 Des 2023
41,Rani A.,5,"jelek g sesuai dgn gambar mna sobek lgi Deket saku nya, jahitan nya juga g rapih Poko nya ğŸ‘ ",17 Des 2023
42,Livia,5,"Bahan yang tahan lama untuk penggunaan jangka panjang., Celana kargo yang stylish dan modis., Bagus untuk aktivitas di luar ruangan., Kain nyaman dan bernapas.,  ",17 Des 2023
43,neneng S.,5,sesuai harga...... ,17 Des 2023
44,Arief S.,5,"Pas sempurna dengan desain high waist., Bagus untuk aktivitas di luar ruangan., Beragam pilihan warna yang dapat dipilih., Celana kargo yang stylish dan modis.,  ",17 Des 2023
45,Arief S.,5,"Kain nyaman dan bernapas., Pas sempurna dengan desain high waist., Bahan yang tahan lama untuk penggunaan jangka panjang.,  ",17 Des 2023
46,suci A.,5,"Pas sempurna dengan desain high waist., Desain highwaist sedang trendi., Celana kargo yang trendi dan fungsional., Celana kargo yang stylish dan modis.,  ",13 Des 2023
47,Ayyuk A.,5,"Pas sempurna dengan desain high waist., Bagus untuk aktivitas di luar ruangan., Bagus untuk aktivitas di luar ruangan., Bahan yang tahan lama untuk penggunaan jangka panjang., Mudah dipadukan dengan berbagai outfit.,  ","3  minggu lalu
"
48,Third-Party-User,5,tidak sesuai ekspektasi ,17 Okt 2023
49,sant I.,5,pas..sesuai gambar dan pesanan..trimkasih seller..lazada dan kurir..sukses buat semua.. ,18 Nov 2023
0,Alifah,5,"Bahan:bagus
 Ukuran:sesuai
 Rancangan:rapih
 ",17 Okt 2023
1,Sae E.,4,kegedean bangettttttttttttttttt ,14 Nov 2023
2,Nia R.,5,"Celana kargo yang trendi dan fungsional.,  ",12 Des 2023
3,L***.,5,cantik banget ,20 Okt 2023
4,0***9,5,"Rancangan:
tidak sesuai pesanan ",19 Okt 2023
5,nanik S.,4,celana ukuran remaja jd kl dewasa kurang gedhe  ,"3  minggu lalu
"
6,nineng N.,4,"Bahan:jelek
 Ukuran:kkecillan
 Rancangan:jelek semua ",13 Des 2023
7,8***6,5,"Bahan yang tahan lama untuk penggunaan jangka panjang.,  ",21 Nov 2023
8,0***1,5,bagus mantafğŸ‘ğŸ‘ ,17 Okt 2023
9,0***4,5,"bagus 
 Ukuran:pas ",20 Okt 2023
10,w***.,4,bagus sesuai harga..anak ku suka terimaksh salam sukses selalu ,13 Nov 2023
11,Rosita,5,"Kain nyaman dan bernapas., Celana kargo yang stylish dan modis., Mudah dipadukan dengan berbagai outfit.,  ",13 Des 2023
12,8***9,5,"Mudah dipadukan dengan berbagai outfit.,  ","3  minggu lalu
"
13,Armi A.,5,aku dengan model celananya .kainnya halu dan ringan.cocok di pakai untuk santai ,19 Nov 2023
14,Ahmad A.,5,bahanny gajelasss ga sesuaii espektasi sy. ,13 Des 2023
15,Ariqah O.,5,"bahan y bagus kok cuman pas dtng plastik nya udh sobek
 ",18 Okt 2023
16,Maryati,5,"Kain nyaman dan bernapas., Mudah dipadukan dengan berbagai outfit., Pas sempurna dengan desain high waist., Desain highwaist sedang trendi., Bagus untuk aktivitas di luar ruangan., Celana kargo yang stylish dan modis.,  ",13 Des 2023
17,Aprilia K.,5,"Bahan:tipis, nerawang  ",20 Okt 2023
18,8***3,5,bagus nyaman di pakai  ,14 Nov 2023
19,Shella H.,5,Bagus mantep ,18 Nov 2023
20,0***5,5,cukup memuaskan dgn harga segitu. ,"4  minggu lalu
"
21,Farahdhilah T.,5,"Bahan: bgsss
 Ukuran: sesuaiiii
 Rancangan: rapihhh   
 ",13 Des 2023
22,Tya A.,5,the best poknmah cck bgtt HhhağŸ˜ğŸ‘ğŸ‘ ,"4  minggu lalu
"
23,noorarofikha,5,bagusss bgt murah tidak murahan tp di aku agak sempit dikitğŸ˜ tapi masih bagus kok jgn ragu beli di toko ini ,13 Nov 2023
24,*********742,5,"kerenn banget udah order yang ke 2 kalinyaaa, thanks y,next orderr lagii  ",15 Des 2023
25,kika,5,bagusssss ,16 Okt 2023
26,Ayu A.,5,"pengiriman cepat, barang sesuiğŸ¤—ğŸ˜ ",13 Des 2023
27,*********732,5,bagus banget. terimakasih yağŸ¥°ğŸ™ ,17 Nov 2023
28,Agnes U.,5,"Bahan:bagus  
 Ukuran:pas
 Rancangan:pikirnya ad resleting nya kak eh mala ngak ad tapi ngka apa"" bagus
 ",17 Okt 2023
29,mumun A.,5,celana nya ok ,10 Des 2023
30,Siti N.,5,cuteğŸ˜— ,"2  minggu lalu
"
31,herna W.,5,gede bngt di aku ğŸ™ˆ ,03 Des 2023
32,Karniti D.,5,top Marko top bag us sekalih makanya says pesen magi Kurir jugabaik Dan so pan selalu but langanan sayaterima kasih buattokonya dankurirnya ,26 Nov 2023
33,Elan88964,5,"Kain nyaman dan bernapas., Bahan yang tahan lama untuk penggunaan jangka panjang., Mudah dipadukan dengan berbagai outfit.,  ",26 Nov 2023
34,8***3,5,sesuai jarga ,12 Nov 2023
35,Citra M.,5,bagus ,06 Jan 2024
36,Umi S.,5,keren ,26 Des 2023
37,ameliawp23,5,baik  ,29 Des 2023
38,sarim,5,ok lh ,04 Des 2023
39,citra J.,5,"Bahan:bagus
 Ukuran:kegedean
 Rancangan:bagus si walau pinggang nya kegedean ",03 Okt 2023
40,*********629,5,"bahan nya bagus
 ",29 Okt 2023
41,jocko212,4,lumayan ,16 Nov 2023
42,YURARA S.,5,"Bahan:crincle
 Ukuran:standar
biar bintang yang rekomendasikan ğŸ˜ğŸ˜ ",15 Okt 2023
43,Mas T.,5,Dikiri bukan kolor ternyata kolor bagis sih cuman baru sekali pake langsung bolongğŸ˜’ ,15 Okt 2023
44,*********384,5,bagus,15 Jan 2024
45,Deliyanti,5,okee ,21 Okt 2023
46,Imas N.,5,lmyn ,21 Okt 2023
47,guest,5,baik ,02 Jan 2024
48,sherinaauliyanie,5,bgus ,16 Des 2023
49,Yunani,5,"terakota bhan nya bgus dan tebal walaupun ukuran nya kebesaran di aku,  dan krna bgus aku juga bli yg hitam, klu yg hitam bhn nya tipis dan nerawang tapi bgus pas ukuran nya di aku, klu pake yg hitam aku jdi pake lejing daleman nya, dan kurirnya baik juga ramah, trima ksih buat tokoh nya dan mas kurir nya, krna pengiriman nya cpt bnget jdi aku ngerasa puas pokonya mantulğŸ‘ğŸ‘ğŸ‘ğŸ‘ ",08 Okt 2023
0,Jijah,5,"bagus
 ",03 Des 2023
1,8***7,5,Ukuran:kebesaran ,01 Okt 2023
2,Warno 0.,4,warna dan bhn sesuai  cmn ukuran.y gk sesuai aku psn standar yg dtg jumbo ,08 Jan 2024
3,8***7,4,"Bahan:bagus 
 Ukuran:pas
 Rancangan:pakai 
 ",06 Jan 2024
4,*********108,4,"Rancangan:
sesuai harga ",02 Jan 2024
5,Sitijuliah S.,5,"Alhamdulillah bagus banget sama dengan yang di poto...
jangngan ragu beli di toko ini bagus banget cuss di cek out
makasih ke lazada sama Kuriri nya juga ramah banget kalo sama yang langganan mah kalo bukan nya enggak  ",10 Okt 2023
6,Dewi A.,4,"Beragam pilihan warna yang dapat dipilih., Celana kargo yang stylish dan modis., Celana kargo serbaguna untuk berbagai acara., Mudah dipadukan dengan berbagai outfit., Bagus untuk aktivitas di luar ruangan., trimakaseh Lazada.. ",18 Jan 2024
7,Reva A.,4,ga sesuai ekspektasi saya  ,21 Des 2023
8,b***r,4,"pesen xxl datengnya s. 
 ",02 Des 2023
9,Warno 0.,4,warna y sesuai cmn ukuran.y gk sesuai aku psn standar dtg  jumbo ,08 Jan 2024
10,S***.,4,"celananya bagus, sesuai dengan harga, toko amanah, terimakasih, semoga makin larisBeragam pilihan warna yang dapat dipilih.,  ","2  minggu lalu
"
11,Puput I.,4,emmmm lumayannn okeeeeeeee lahhhhğŸ˜‰ğŸ˜‰ğŸ˜‰ğŸ˜‰ğŸ˜‰ğŸ˜‰ğŸ˜‰ ,"1  minggu lalu
"
12,SINDI S.,5,"Bahan:
Alhamdulillah barang nya sesuai gambar thank lazada  ",14 Okt 2023
13,Hanani D.,5,tipis ga sesuai  ,11 Okt 2023
14,A***a,4,"Bahan:tidak sesuai
 Ukuran:tidak sesuai
 Rancangan:tidak sesuai

sangat
sangat
sangat mengecewakan ",28 Nov 2023
15,Wiwin W.,4,"celana nya bagus sih tapi sayang di aku kegedean, tapi gpp masih bisa di pake orang  ",28 Des 2023
16,Priska A.,4,"Celana kargo serbaguna untuk berbagai acara.,  ",17 Jan 2024
17,Ana R.,4,"Kain nyaman dan bernapas.,  ",11 Jan 2024
18,Aples,4,"celananya ke gdean
 ",02 Jan 2024
19,8***9,4,"Mudah dipadukan dengan berbagai outfit., Desain highwaist sedang trendi., Beragam pilihan warna yang dapat dipilih., Pas sempurna dengan desain high waist., Beragam pilihan warna yang dapat dipilih.,  ",09 Des 2023
20,Linda,4,celana nya bgus cuma agak tipis ğŸ˜ ,14 Des 2023
21,A***i,4,"keren Poko nmh,,,
walaupun seler nya slow respon  ",17 Jan 2024
22,Dewi A.,4,"Celana kargo yang stylish dan modis., Mudah dipadukan dengan berbagai outfit., Celana kargo yang trendi dan fungsional., Celana kargo serbaguna untuk berbagai acara., Bagus untuk aktivitas di luar ruangan.,  ",18 Jan 2024
23,EkaaChalondra,5,Bahan nya bagus tapi ukurannya ga sesuai ,13 Okt 2023
24,0***8,4,ga sesuai di gambar tp ydh lh ga apa apa terimakasih ya selerâ˜º ,08 Jan 2024
25,E***.,4,"suka, cuman jahitan kurang rapih ",30 Des 2023
26,Y***a,4,"demi apapun ini bagus bgtt sya smpe beli lagi untuk yg kedua kalinya next bkll beli lgi yg wrna lain
 Bahan:mayan gak nrawang
 Ukuran:pass bgtt ccok
 Rancangan:bgss gda yg ccatt ","1  minggu lalu
"
27,*********551,5,Bagus lembut bahanny ,11 Okt 2023
28,Minihh,4,Bagus Sesuai harapanğŸ¤— ,"7  hari lalu
"
29,guest,5,cantik ,16 Nov 2023
30,okih S.,5,you ,26 Des 2023
31,Warno 0.,5,pik ,15 Jan 2024
32,Warno 0.,5,pik ,15 Jan 2024
33,Mila Y.,5,"goood 
 ",24 Sep 2023
34,Azmys,5,ok ,30 Des 2023
35,ujang A.,5,ok ,18 Des 2023
36,novitaharyani69,4,"gmn ya, bgs iya cuma jahitan ny ga kokoh sobek trs..suda sy jahit atas nya lgi sobek pdhl d cba pke duduk doang, sedikit kecewa. ",10 Des 2023
37,*********551,5,Bagus  ,11 Okt 2023
38,Yonanda S.,5,"Bahan: sangat tipis

 Ukuran:pas
 Rancangan:sangat bagus ",10 Okt 2023
39,**********288,5,"Bahan:tipis tapi Adem dipake 
 Ukuran:standar size 
 Rancangan:gak ngecewakan costumer aku suka sama celana 
 ",10 Okt 2023
40,Emiliana J.,5,"ga sesuai, celananya jelek banget ",10 Okt 2023
41,najwa18cell,5,ok ,13 Des 2023
42,V***.,4,"Bahan:cukup tipis
 Ukuran:pas
 Rancangan:sangat bagus
semuanya bagus, cm bahannya agak tipis jd takut robek pas d pknya. ",08 Okt 2023
43,Rima,5,"Bahan:bagis
 Ukuran:pas
 Rancangan:jaitan rapih ",05 Okt 2023
44,****1,4,sya kira dpn nya kancingan + ressleting jg sprti di gmbar trnyta ngk tpi gpp lh  ,24 Sep 2023
45,A***.,4,good  ,10 Des 2023
46,Nining Y.,5,"Bahan:adem
 Ukuran:pas
 Rancangan:ok ",02 Okt 2023
47,*********172,5,knpa kulot ya dkirim ka??? ,03 Okt 2023
48,callystaaaa,5,,14 Des 2023
49,Muhammad A.,5,,07 Des 2023
0,R***.,3,"Bahan:gak tebal dan gak tipis
 Ukuran:kegedean soalnya ngga bisa pilih ukuran
 Rancangan:jahitan nya kurang rapih ",20 Nov 2023
1,najwa18cell,5,,13 Des 2023
2,Nani S.,5,,"3  minggu lalu
"
3,8***0,3,pesan warna cream yg di kirim warna lain!!!!!!!!!!!!!!!!! ,23 Des 2023
4,Diyanah P.,3,"alhamdulillah sesuai,tadiny udah aku batalin takut gk sesuai tapi di tolak,, ",10 Nov 2023
5,YAQUB M.,2,"Bahan:tipis
 Ukuran:terlalu besar
 Rancangan:amburadul
 ",14 Okt 2023
6,R***.,2,"kecewa berat sih,, pesen cargo datengnya kulot,,kecewa parah inimah ","4  minggu lalu
"
7,Lisna S.,3,lumayan harga segitu ,09 Nov 2023
8,Linda S.,3,bagus bahan dan warnany pas dcobain muat perutny tp ga muat dpahany..alamat kudu dpermak lg dtkng jahit ini mah..,14 Des 2023
9,amalia N.,3,"bagus tapi gampang sobek
 Bahan:agak tipis ",29 Des 2023
10,d***.,3,"Desain highwaist sedang trendi., Celana kargo yang stylish dan modis., Celana kargo yang trendi dan fungsional., Pas sempurna dengan desain high waist.,  ",07 Des 2023
11,8***4,3,"bgus 
TPI kain nya Merawang  ",22 Des 2023
12,A***.,3,"parah bgtt dikirim nya beda dri foto.
mana gedee bgtğŸ˜­ğŸ˜­ ",27 Okt 2023
13,0***6,3,"Bahanya tipis kainnya jatuh, sedikit panjang, Rancangannya bagus, cuman jahitanya sedikit kurang rapi,, tapi Lumayanlah dg harga sangat murah ",19 Des 2023
14,Octa A.,3,"Bahan:mym
 Ukuran:kbsrn
 Rancangan:b sja ",19 Des 2023
15,Oci,3,"Bahan:lumayan lah dengan harga yang segitu
 Ukuran:celana nya kegedean di aku

 ",24 Okt 2023
16,N***.,3,kebesaran ukuran tidak sesuai saya kecewa tidak real pic ,08 Des 2023
17,Priska A.,3,"Bagus untuk aktivitas di luar ruangan.,  ",17 Jan 2024
18,Gina D.,3,"Celana kargo serbaguna untuk berbagai acara., Pas sempurna dengan desain high waist.,  ","2  minggu lalu
"
19,0***5,2,"katany kancing hidup,, ",29 Des 2023
20,e***n,3,"ukurannya standar tapi di aku tetep kebesaran,kainnya juga ga sesuai ekspetasi aku dikiranya tebel ternyata tipis banget.mau kecewa tapi untuk harga segitu mau minta gimana ",24 Des 2023
21,R***.,3,"Tidak sesuai ekspektasi. Tapi gapapa, masih nyaman di pakai... ",03 Des 2023
22,8***2,1,"penipuan,,pngn barang CPT abis kirim nya asal,,,punya mata ga,,,kalian dengan gampang nya bilang retur ,,emang ga ribet klo retur,,,,pantes lama ngirim nya nyari barang yg warna nya sama ya,tp model ga sesuai,,,kecewa,,gq berkah usaha nya,,kluarin aja pihak lazada toko yg mentingin diri sendiri kaya gini,,ngapokin pelanggan...apapun niat ga baik,,ga bakal berkah...",18 Okt 2023
23,Nahaar R.,1,saya pesan 4 yg datang hanya 3 ,14 Des 2023
24,guest,1,bahan tipis barang tidak sesuai dengan di foto sangat kecewa tidak sesuai dengan harga segitu  ,04 Nov 2023
25,Nhur S.,2,tidak sesuai gambar  ,12 Okt 2023
26,g***t,2,"Celana kargo yang stylish dan modis., Mudah dipadukan dengan berbagai outfit.,  ",03 Jan 2024
27,Ajisyaputra,2,"Celana kargo yang stylish dan modis., Celana kargo yang trendi dan fungsional., Bahan yang tahan lama untuk penggunaan jangka panjang., Kain nyaman dan bernapas., Bagus untuk aktivitas di luar ruangan.,  ",05 Jan 2024
28,Jenny J.,2,kurng bagus untuk bagian slengkangan nya ketat bwh nya gombrong  ,06 Des 2023
29,A***.,2,celana yang diterima ngga sesuai sama gambar dan deskripsi ,22 Des 2023
30,Ariadi,2,mabasbshehebebenrnrnrnr ,21 Des 2023
31,*********928,2,ğŸ™ƒ kebesaran di aq,02 Jan 2024
32,Abiya,2,"Bahan:bahan nya tidak sesuai
 Ukuran:pas 
 Rancangan:mayan aja  ",04 Jan 2024
33,toni R.,2,"Rancangan:

warna brown nya terlalu cerah/pudar  ",25 Okt 2023
34,Ardellia A.,2,warna dan bahan tidk sesuai ,"4  hari lalu
"
35,Lita L.,2,kecewa ,02 Des 2023
36,Chellsy L.,1,"apaaan katanya cargo, gw beli kulot biasa dislike! ",26 Sep 2023
37,g***t,1,"pesen waran putuh ko yang datang coklat gimna sihğŸ˜Œ
 Bahan:adem sih tipis lagih 
 Ukuran:muat 
 Rancangan:tipiss tapi g ppa lah harga nya juga pas sesuai mungkinğŸ™„ ",09 Okt 2023
38,088289366100 7.,1,"makasih,kira bahan katun ,eh malah ngaret ... gak sesuai d gambar kaya nya... ","1  hari lalu
"
39,Melani M.,1,cln nya sudah keterima kain nya enaken adem  ,17 Jan 2024
40,*********541,1,"payah gak ada sletingnya , padahal mau jadi langganan . dichatt jg gadirespon sama sekali .  ",13 Jan 2024
41,Mia,1,bener2 bedaa bgt sama gambar. di gambar celana cargo tp yg dtg celana kulot polos biasa. hadeh ,30 Des 2023
42,Angelia O.,1,bahannya tipis g sesuai ,"17 jam lalu
"
43,"Mmh,salwa",1,mff baru komen kmrn waktu ngatrin paket kurir y jutek bgtt ,29 Nov 2023
44,Intan M.,1,bahan nya jatuh TPI saya pesen standar eh yg dtng jumbo gedeeee bgetttttttt ,11 Des 2023
45,S***.,1,sangat kecewa celananya gak sesuai gambar ,15 Des 2023
46,Iis I.,1,celan anya bagusss  sesuai sama yg di gambar saya sukaa ,30 Des 2023
47,Titian,1,ok ,01 Okt 2023
